<?xml version="1.0" encoding="UTF-8"?>
<project-private xmlns="http://www.netbeans.org/ns/project-private/1">
    <editor-bookmarks xmlns="http://www.netbeans.org/ns/editor-bookmarks/2" lastBookmarkId="0"/>
    <open-files xmlns="http://www.netbeans.org/ns/projectui-open-files/2">
        <group>
            <file>file:/E:/DIDATTICA%20sett%202019/INFORMATICA/ClassiQuarte/INTERFACCIE%20GRAFICHE%20GUI%20AWT%20SWING/SlotMachine_AS2324_MouseListener_Ragazzi/src/SlotMachineGo.java</file>
            <file>file:/E:/DIDATTICA%20sett%202019/INFORMATICA/ClassiQuarte/INTERFACCIE%20GRAFICHE%20GUI%20AWT%20SWING/SlotMachine_AS2324_MouseListener_Ragazzi/src/SlotMachine.java</file>
            <file>file:/E:/DIDATTICA%20sett%202019/INFORMATICA/ClassiQuarte/INTERFACCIE%20GRAFICHE%20GUI%20AWT%20SWING/SlotMachine_AS2324_MouseListener_Ragazzi/src/CasellaSlot.java</file>
            <file>file:/E:/DIDATTICA%20sett%202019/INFORMATICA/ClassiQuarte/INTERFACCIE%20GRAFICHE%20GUI%20AWT%20SWING/SlotMachine_AS2324_MouseListener_Ragazzi/src/MyLabel.java</file>
        </group>
    </open-files>
</project-private>
