<?xml version="1.0" encoding="UTF-8"?>
<project-private xmlns="http://www.netbeans.org/ns/project-private/1">
    <editor-bookmarks xmlns="http://www.netbeans.org/ns/editor-bookmarks/2" lastBookmarkId="0"/>
    <open-files xmlns="http://www.netbeans.org/ns/projectui-open-files/2">
        <group>
            <file>file:/Z:/INFO/1°%20PERIODO/UmaniRobotAlieni_4ID_Palaro/src/Robot.java</file>
            <file>file:/Z:/INFO/1°%20PERIODO/UmaniRobotAlieni_4ID_Palaro/src/Alieni.java</file>
            <file>file:/Z:/INFO/1°%20PERIODO/UmaniRobotAlieni_4ID_Palaro/src/actions.java</file>
            <file>file:/Z:/INFO/1°%20PERIODO/UmaniRobotAlieni_4ID_Palaro/src/CorpoAlieno.java</file>
            <file>file:/Z:/INFO/1°%20PERIODO/UmaniRobotAlieni_4ID_Palaro/src/Personaggio.java</file>
            <file>file:/Z:/INFO/1°%20PERIODO/UmaniRobotAlieni_4ID_Palaro/src/GuerreTraMondi.java</file>
            <file>file:/Z:/INFO/1°%20PERIODO/UmaniRobotAlieni_4ID_Palaro/src/TipoAggressivita.java</file>
            <file>file:/Z:/INFO/1°%20PERIODO/UmaniRobotAlieni_4ID_Palaro/src/Umani.java</file>
        </group>
    </open-files>
</project-private>
